CIK,Series,Name,Ticker
0001424958,S000022757,Direxion Daily MSCI India Bull 2X Shares,INDL
0001424958,S000022758,Direxion Daily Latin America Bull 2X Shares,LBJ
0001424958,S000022760,Direxion Daily Energy Bull 2X Shares,ERX
0001424958,S000022761,Direxion Daily Financial Bull 3X Shares,FAS
0001424958,S000022762,Direxion Daily Real Estate Bull 3X Shares,DRN
0001424958,S000022763,Direxion Daily Homebuilders & Supplies Bull 3X Shares,NAIL
0001424958,S000022765,Direxion Daily S&P 500(R) Bear 3X Shares,SPXS
0001424958,S000022767,Direxion Daily S&P 500(R) Bull 3X Shares,SPXL
0001424958,S000022769,Direxion Daily Mid Cap Bear 3X Shares,MIDZ
0001424958,S000022770,Direxion Daily Small Cap Bear 3X Shares,TZA
0001424958,S000022772,Direxion Daily MSCI Developed Markets Bear 3X Shares,DPK
0001424958,S000022773,Direxion Daily MSCI Emerging Markets Bear 3X Shares,EDZ
0001424958,S000022774,Direxion Daily BRIC Bear 3X Shares,BRIS
0001424958,S000022775,Direxion Daily FTSE China Bear 3X Shares,YANG
0001424958,S000022776,Direxion Daily India Bear 3X Shares,INDZ
0001424958,S000022777,Direxion Daily Latin America Bear 3X Shares,LHB
0001424958,S000022778,Direxion Daily Mid Cap Bull 3X Shares,MIDU
0001424958,S000022780,Direxion Daily Energy Bear 2X Shares,ERY
0001424958,S000022781,Direxion Daily Financial Bear 3X Shares,FAZ
0001424958,S000022782,Direxion Daily Real Estate Bear 3X Shares,DRV
0001424958,S000022783,Direxion Daily Homebuilders & Supplies Bear 3X Shares,CLAW
0001424958,S000022786,Direxion Daily Small Cap Bull 3X Shares,TNA
0001424958,S000022788,Direxion Daily MSCI Developed Markets Bull 3X Shares,DZK
0001424958,S000022789,Direxion Daily MSCI Emerging Markets Bull 3X Shares,EDC
0001424958,S000022790,Direxion Daily BRIC Bull 3X Shares,BRIL
0001424958,S000022791,Direxion Daily FTSE China Bull 3X Shares,YINN
0001424958,S000023809,Direxion Daily Technology Bull 3X Shares,TECL
0001424958,S000023810,Direxion Daily Technology Bear 3X Shares,TECS
0001424958,S000025251,Direxion Daily 2-Year Treasury Bull 3X Shares,TWOL
0001424958,S000025252,Direxion Daily 2-Year Treasury Bear 3X Shares,TWOZ
0001424958,S000025253,Direxion Daily 7-10 Year Treasury Bear 1X Shares,TYNS
0001424958,S000025254,Direxion Daily 20+ Year Treasury Bear 1X Shares,TYBS
0001424958,S000025255,Direxion Daily 7-10 Year Treasury Bull 3X Shares,TYD
0001424958,S000025256,Direxion Daily 7-10 Year Treasury Bear 3X Shares,TYO
0001424958,S000025257,Direxion Daily 20+ Year Treasury Bull 3X Shares,TMF
0001424958,S000025258,Direxion Daily 20+ Year Treasury Bear 3X Shares,TMV
0001424958,S000027476,Direxion Daily Utilities Bull 3X Shares,UTSL
0001424958,S000027477,Direxion Daily Utilities Bear 3X Shares,UTLS
0001424958,S000027478,Direxion Daily Consumer Discretionary Bear 3X Shares,PASS
0001424958,S000027479,Direxion Daily Consumer Staples Bear 3X Shares,LACK
0001424958,S000027480,Direxion Daily Healthcare Bear 3X Shares,SICK
0001424958,S000027482,Direxion Daily Basic Materials Bull 3X Shares,MATL
0001424958,S000027483,Direxion Daily Basic Materials Bear 3X Shares,MATS
0001424958,S000027484,Direxion Daily Consumer Discretionary Bull 3X Shares,WANT
0001424958,S000027485,Direxion Daily Consumer Staples Bull 3X Shares,NEED
0001424958,S000027486,Direxion Daily Healthcare Bull 3X Shares,CURE
0001424958,S000027487,Direxion Daily Retail Bull 3X Shares,RETL
0001424958,S000027488,Direxion Daily Retail Bear 3X Shares,RETS
0001424958,S000027920,Direxion Daily Semiconductor Bull 3X Shares,SOXL
0001424958,S000027921,Direxion Daily Semiconductor Bear 3X Shares,SOXS
0001424958,S000027922,Direxion Daily S&P 500(R) Bull 2X Shares,SPUU
0001424958,S000027923,Direxion Daily S&P 500(R) Bear 2X Shares,SFVS
0001424958,S000029324,Direxion Auto Shares,DRVE
0001424958,S000029326,Direxion Daily Brazil Bear 3X Shares,BRZS
0001424958,S000029327,Direxion Daily Canada Bear 3X Shares,CAND
0001424958,S000029330,Direxion Daily Russia Bear 3X Shares,RUSS
0001424958,S000029331,Direxion Daily South Korea Bear 3X Shares,KORZ
0001424958,S000029334,Direxion Daily Agribusiness Bull 3X Shares,COWL
0001424958,S000029335,Direxion Airline Shares,FLYX
0001424958,S000029338,Direxion Daily Gold Miners Index Bull 2X Shares,NUGT
0001424958,S000029340,Direxion Daily Natural Gas Related Bull 3X Shares,GASL
0001424958,S000029341,Direxion Daily Regional Banks Bull 3X Shares,DPST
0001424958,S000029344,Direxion Daily Agribusiness Bear 3X Shares,COWS
0001424958,S000029346,Direxion Daily MSCI Brazil Bull 2X Shares,BRZU
0001424958,S000029348,Direxion Daily Gold Miners Index Bear 2X Shares,DUST
0001424958,S000029350,Direxion Daily Natural Gas Related Bear 3X Shares,GASX
0001424958,S000029351,Direxion Daily Regional Banks Bear 3X Shares,WDRW
0001424958,S000029354,Direxion Daily Canada Bull 3X Shares,CANU
0001424958,S000029357,Direxion Daily Russia Bull 2X Shares,RUSL
0001424958,S000029358,Direxion Daily MSCI South Korea Bull 3X Shares,KORU
0001424958,S000031284,Direxion DWS NASDAQ Volatility Index Response Shares,QVOL
0001424958,S000031285,Direxion Daily High Yield Bear 2X Shares,HYDD
0001424958,S000031288,Direxion Daily Total Bond Market Bear 1X Shares,SAGG
0001424958,S000031292,Direxion Daily S&P 500 (R) Bear 1X Shares,SPDN
0001424958,S000031294,Direxion Daily Total Market Bear 1X Shares,TOTS
0001424958,S000033634,Direxion NASDAQ-100(R) Equal Weighted Index Shares,QQQE
0001424958,S000034438,Direxion Large Cap Insider Sentiment Shares,INSD
0001424958,S000034439,Direxion All Cap Insider Sentiment Shares,KNOW
0001424958,S000034441,Direxion S&P 1500 DRRC Index Volatility Response Shares,VSPR
0001424958,S000034443,Direxion S&P 500 (R) Volatility Response Shares,VSPY
0001424958,S000034444,Direxion S&P Latin America 40 DRRC Index Volatility Response Shares,VLAT
0001424958,S000034516,DIREXION DAILY JUNIOR GOLD MINERS INDEX BULL 2X SHARES,JNUG
0001424958,S000034517,DIREXION DAILY JUNIOR GOLD MINERS INDEX BEAR 2X SHARES,JDST
0001424958,S000034518,Direxion Daily Silver Miners Index Bull 2X Shares,SHNY
0001424958,S000034519,Direxion Daily Silver Miners Index Bear 2X Shares,DULL
0001424958,S000037955,Direxion Daily Technology Bear 1X Shares,TECZ
0001424958,S000037956,Direxion Daily Small Cap Bull 2X Shares,SMLL
0001424958,S000037957,Direxion Daily Small Cap Bear 2X Shares,SMSS
0001424958,S000037958,Direxion Daily 20+ Year Treasury Bull 2X Shares,TYTL
0001424958,S000037959,Direxion Daily 20+ Year Treasury Bear 2X Shares,TYTS
0001424958,S000038645,Direxion Daily Dow 30 Bull 2X Shares,DOWW
0001424958,S000038646,Direxion Daily Dow 30 Bear 2X Shares,DOGG
0001424958,S000038649,Direxion Daily FTSE Europe Bull 3X Shares,EURL
0001424958,S000038650,Direxion Daily FTSE Europe Bear 3X Shares,EURZ
0001424958,S000041172,Direxion Daily MSCI Japan Bull 3X Shares,JPNL
0001424958,S000041173,DIREXION DAILY JAPAN BEAR 3X SHARES,JPNS
0001424958,S000042038,Direxion Zacks MLP High Income Index Shares,ZMLP
0001424958,S000045674,Direxion iBillionaire Index ETF,IBLN
0001424958,S000046249,Direxion Daily Mid Cap Bull 2X Shares,MDLL
0001424958,S000046250,Direxion Daily 7-10 Year Treasury Bull 2X Shares,SYTL
0001424958,S000046251,Direxion Daily Mid Cap Bear 2X Shares,MDSS
0001424958,S000046252,Direxion Daily 7-10 Year Treasury Bear 2X Shares,SYTS
0001424958,S000046303,Direxion Daily Russell 1000 Growth Index Bull 1.25X Shares,LLRG
0001424958,S000046304,Direxion Daily 20+ Year Treasury Bull 1.25X Shares,LLTT
0001424958,S000046305,Direxion Daily Total Bond Market Bull 1.25X Shares,LLTB
0001424958,S000046306,Direxion Daily Russell 1000 Value Index Bull 1.25X Shares,LLRV
0001424958,S000046307,PortfolioPlus S&P 500 (R) ETF,PPLC
0001424958,S000046308,Direxion Daily Mid Cap Bull 1.25X Shares,LLMC
0001424958,S000046309,PortfolioPlus S&P (R) Small Cap ETF,PPSC
0001424958,S000046310,Direxion Daily Total Stock Market Bull 1.25X Shares,LLTS
0001424958,S000046311,Direxion Daily FTSE Developed Markets Bull 1.25X Shares,LLDM
0001424958,S000046312,Direxion Daily FTSE Emerging Markets Bull 1.25X Shares,LLEM
0001424958,S000046313,Direxion Daily 7-10 Year Treasury Bull 1.25X Shares,LLST
0001424958,S000048430,Direxion Value Line(R) Mid- and Large-Cap High Dividend ETF,VLML
0001424958,S000048431,Direxion Value Line(R) Small- and Mid-Cap High Dividend ETF,VLSM
0001424958,S000048432,Direxion Value Line(R) Conservative Equity ETF,VLLV
0001424958,S000048742,Direxion Daily CSI 300 China A Share Bull 2X Shares,CHAU
0001424958,S000048906,Direxion Daily CSI 300 China A Share Bear 1X Shares,CHAD
0001424958,S000049373,Direxion Daily S&P Biotech Bull 3X Shares,LABU
0001424958,S000049374,Direxion Daily S&P Biotech Bear 3X Shares,LABD
0001424958,S000049375,Direxion Daily S&P Oil & Gas Exp. & Prod. Bull 2X Shares,GUSH
0001424958,S000049376,Direxion Daily S&P Oil & Gas Exp. & Prod. Bear 2X Shares,DRIP
0001424958,S000049535,Direxion Daily MSCI Europe Currency Hedged Bull 2X Shares,HEGE
0001424958,S000049536,Direxion Daily MSCI Japan Currency Hedged Bull 2X Shares,HEGJ
0001424958,S000050532,Direxion Daily Pharmaceutical & Medical Bull 3X Shares,PILL
0001424958,S000050535,Direxion Daily Cyber Security & IT Bull 2X Shares,HAKK
0001424958,S000050536,Direxion Daily Cyber Security & IT Bear 2X Shares,HAKD
0001424958,S000050538,Direxion Daily Pharmaceutical & Medical Bear 2X Shares,PILS
0001424958,S000051663,Direxion Daily S&P Biotech Bear 1X Shares,LABS
0001424958,S000053324,Direxion Daily Consumer Staples Bear 1X Shares,SPLZ
0001424958,S000053326,Direxion Daily Energy Bear 1X Shares,ERYY
0001424958,S000053327,Direxion Daily Financial Bear 1X Shares,FAZZ
0001424958,S000053330,Direxion Daily Utilities Bear 1X Shares,UTLZ
0001424958,S000054613,Direxion Daily MSCI European Financials Bear 1X Shares,EUFS
0001424958,S000054614,Direxion Daily Gold Miners Index Bear 1X Shares,MELT
0001424958,S000054615,Direxion Daily MSCI European Financials Bull 2X Shares,EUFL
0001424958,S000054803,Direxion Auspice Broad Commodity Strategy ETF,COM
0001424958,S000055198,Direxion Daily CSI China Internet Index Bull 2X Shares,CWEB
0001424958,S000057169,Direxion Daily Transportation Bull 3X Shares,TPOR
0001424958,S000057175,Direxion Daily MSCI Mexico Bull 3X Shares,MEXX
0001424958,S000057177,Direxion Daily EURO STOXX 50 (R) Bull 3X Shares,EUXL
0001424958,S000057179,Direxion Daily Emerging Markets Bond Bull 3X Shares,EMBU
0001424958,S000057185,Direxion Daily Aerospace & Defense Bull 3X Shares,DFEN
0001424958,S000057187,Direxion Daily Industrials Bull 3X Shares,DUSL
0001424958,S000061122,PortfolioPlus S&P (R) Mid Cap ETF,PPMC
0001424958,S000061124,PortfolioPlus Emerging Markets ETF,PPEM
0001424958,S000061125,PortfolioPlus Developed Markets ETF,PPDM
0001424958,S000061126,PortfolioPlus 20+ Year Treasury ETF,PPTR
0001424958,S000061127,PortfolioPlus Total Bond Market ETF,PPTB
0001424958,S000061746,"Direxion Daily Robotics, Artificial Intelligence & Automation Index Bull 2X Shares",UBOT
0001424958,S000063411,Direxion Daily Communication Services Index Bull 3X Shares,TAWK
0001424958,S000063412,Direxion Daily Communication Services Index Bear 3X Shares,MUTE
0001424958,S000063923,Direxion Russell 1000(R) Value Over Growth ETF,RWVG
0001424958,S000063924,Direxion Russell 1000(R) Growth Over Value ETF,RWGV
0001424958,S000063925,Direxion Russell Large Over Small Cap ETF,RWLS
0001424958,S000063926,Direxion Russell Small Over Large Cap ETF,RWSL
0001424958,S000063927,Direxion MSCI USA Cyclicals Over Defensives ETF,RWCD
0001424958,S000063928,Direxion MSCI USA Defensives Over Cyclicals ETF,RWDC
0001424958,S000063929,Direxion MSCI Emerging Over Developed Markets ETF,RWED
0001424958,S000063930,Direxion MSCI Developed Over Emerging Markets ETF,RWDE
0001424958,S000064198,Direxion FTSE Russell International Over US ETF,RWIU
0001424958,S000064199,Direxion FTSE Russell US Over International ETF,RWUI
0001424958,S000066279,Direxion Daily S&P 500(R) High Beta Bull 3X Shares,HIBL
0001424958,S000066280,Direxion Daily S&P 500(R) High Beta Bear 3X Shares,HIBS
0001424958,S000066281,Direxion Daily Dow Jones Internet Bull 3X Shares,WEBL
0001424958,S000066282,Direxion Daily Dow Jones Internet Bear 3X Shares,WEBS
0001424958,S000067783,Direxion MSCI USA ESG - Leaders vs. Laggards ETF,ESNG
0001424958,S000067784,Direxion S&P 500(R) High minus Low Quality ETF,QMJ
0001424958,S000067785,Direxion Flight to Safety Strategy ETF,FLYT
0001424958,S000068622,Direxion High Growth ETF,HIPR
0001424958,S000068623,Direxion Fallen Knives ETF,NIFE
0001424958,S000068624,Direxion Dynamic Hedge ETF,DYHG
0001424958,S000068856,Direxion Work From Home ETF,WFH
0001424958,S000069290,Direxion Moonshot Innovators ETF,MOON
0001424958,S000069291,Direxion Connected Consumer ETF,CCON
0001424958,S000070092,Direxion World Without Waste ETF,WWOW
0001424958,S000070706,Direxion Daily Cloud Computing Bull 2X Shares,CLDL
0001424958,S000071019,Direxion Daily TSLA Bear 1X Shares,TSLS
0001424958,S000071020,Direxion Daily NYSE FANG+ Bull 2X Shares,FNGG
0001424958,S000071022,Direxion Daily Cloud Computing Bear 2X Shares,CLDS
0001424958,S000071278,Direxion Hydrogen ETF,HJEN
0001424958,S000072079,Direxion Daily 5G Communications Bull 2X Shares,TENG
0001424958,S000072081,Direxion Daily Travel & Vacation Bull 2X Shares,OOTO
0001424958,S000072481,Direxion Daily Global Clean Energy Bull 2X Shares,KLNE
0001424958,S000072483,Direxion Daily TSLA Bull 2X Shares,TSLL
0001424958,S000072485,Direxion Low Priced Stock ETF,LOPX
0001424958,S000073589,Direxion Daily US Infrastructure Bull 2X Shares,DOZR
0001424958,S000073591,Direxion Daily FinTech Bull 2X Shares,FNTC
0001424958,S000073593,Direxion Daily Software Bull 2X Shares,SWAR
0001424958,S000073595,Direxion Daily Metal Miners Bull 2X Shares,MNM
0001424958,S000074011,Direxion Nanotechnology ETF,TYNE
0001424958,S000074234,Direxion Daily Aviation Bull 2X Shares,FLYY
0001424958,S000074236,Direxion Daily Oil Services Bull 2X Shares,ONG
0001424958,S000074486,Direxion mRNA ETF,MSGR
0001424958,S000075013,Direxion Internet Infrastructure ETF,HTTP
0001424958,S000075014,Direxion Digital Advertising ETF,DADS
0001424958,S000075015,Direxion Daily S&P 500 Equal Weight Bull 2X Shares,EVEN
0001424958,S000075762,Direxion Breakfast Commodities Strategy ETF,BRKY
0001424958,S000075763,Direxion Copper Strategy ETF,CUCU
0001424958,S000075767,Direxion Daily Electric and Autonomous Vehicles Bull 2X Shares,EVAV
0001424958,S000075771,Direxion Daily TIPS Bull 2X Shares,TIPL
0001424958,S000075772,Direxion Daily TIPS Bear 2X Shares,TIPD
0001424958,S000075773,Direxion Coffee Strategy ETF,CFNE
0001424958,S000076230,Direxion Daily META Bear 1X Shares,METD
0001424958,S000076233,Direxion Daily AAPL Bull 2X Shares,AAPU
0001424958,S000076235,Direxion Daily MSFT Bull 2X Shares,MSFU
0001424958,S000076237,Direxion Daily AMZN Bull 2X Shares,AMZU
0001424958,S000076239,Direxion Daily GOOGL Bull 2X Shares,GGLL
0001424958,S000076244,Direxion Daily AAPL Bear 1X Shares,AAPD
0001424958,S000076245,Direxion Daily MSFT Bear 1X Shares,MSFD
0001424958,S000076246,Direxion Daily AMZN Bear 1X Shares,AMZD
0001424958,S000076247,Direxion Daily GOOGL Bear 1X Shares,GGLS
0001424958,S000076248,Direxion Daily NVDA Bear 1X Shares,NVDD
0001424958,S000078021,Direxion Future of Farming ETF,TFOF
0001424958,S000078022,Direxion Electric and Autonomous Vehicles ETF,EVEH
0001424958,S000078170,Direxion Daily Crypto Industry Bull 2X Shares,LMBO
0001424958,S000078171,Direxion Daily Crypto Industry Bear 1X Shares,REKT
0001424958,S000080459,Direxion HCM Tactical Enhanced US ETF,HCMT
0001424958,S000081684,Direxion Daily NVDA Bull 2X Shares,NVDU
0001424958,S000083879,Direxion Daily AI and Big Data Bull 2X Shares,AIBU
0001424958,S000083880,Direxion Daily AI and Big Data Bear 2X Shares,AIBD
0001424958,S000083881,Direxion Daily MSCI Emerging Markets ex China Bull 2X Shares,XXCH
0001424958,S000084216,Direxion Daily Magnificent 7 Bear 1X Shares,QQQD
0001424958,S000084217,Direxion Daily Magnificent 7 Bull 2X Shares,QQQU
0001424958,S000085276,Direxion Daily META Bull 2X Shares,METU
0001424958,S000085277,Direxion Daily Uranium Industry Bull 2X Shares,URAA
0001424958,S000088048,Direxion Daily AMD Bull 2X Shares,AMUU
0001424958,S000088049,Direxion Daily LLY Bear 1X Shares,ELIS
0001424958,S000088050,Direxion Daily MU Bull 2X Shares,MUU
0001424958,S000088051,Direxion Daily MU Bear 1X Shares,MUD
0001424958,S000088052,Direxion Daily NFLX Bull 2X Shares,NFXL
0001424958,S000088053,Direxion Daily NFLX Bear 1X Shares,NFXS
0001424958,S000088054,Direxion Daily PLTR Bull 2X Shares,PLTU
0001424958,S000088055,Direxion Daily PLTR Bear 1X Shares,PLTD
0001424958,S000088056,Direxion Daily TSM Bull 2X Shares,TSMX
0001424958,S000088057,Direxion Daily TSM Bear 1X Shares,TSMZ
0001424958,S000088058,Direxion Daily AMD Bear 1X Shares,AMDD
0001424958,S000088059,Direxion Daily AVGO Bull 2X Shares,AVL
0001424958,S000088060,Direxion Daily AVGO Bear 1X Shares,AVS
0001424958,S000088061,Direxion Daily BA Bull 2X Shares,BOEU
0001424958,S000088062,Direxion Daily BA Bear 1X Shares,BOED
0001424958,S000088063,Direxion Daily BRKB Bull 2X Shares,BRKU
0001424958,S000088064,Direxion Daily&nbsp;BRKB Bear 1X Shares,BRKD
0001424958,S000088065,Direxion Daily LLY Bull 2X Shares,ELIL
0001424958,S000090368,Direxion Daily PANW Bear 1X Shares,PALD
0001424958,S000090369,Direxion Daily QCOM Bull 2X ETF,QCMU
0001424958,S000090370,Direxion Daily QCOM Bear 1X ETF,QCMD
0001424958,S000090373,Direxion Daily XOM Bull 2X Shares,XOMX
0001424958,S000090374,Direxion Daily XOM Bear 1X Shares,XOMZ
0001424958,S000090378,Direxion Daily CSCO Bull 2X ETF,CSCL
0001424958,S000090379,Direxion Daily CSCO Bear 1X ETF,CSCS
0001424958,S000090382,Direxion Daily PANW Bull 2X Shares,PALU
0001689873,S000056279,GraniteShares Bloomberg Commodity Broad Strategy No K-1 ETF,COMB
0001689873,S000056280,GraniteShares S&P GSCI Commodity Broad Strategy No K-1 ETF,COMG
0001689873,S000059908,GraniteShares HIPS US High Income ETF,HIPS
0001689873,S000076339,GraniteShares 1x Short TSLA Daily ETF,TSLI
0001689873,S000076340,GraniteShares 2x Long META Daily ETF,FBL
0001689873,S000076341,GraniteShares 2x Long MSFT Daily ETF,MSFL
0001689873,S000076343,GraniteShares 1.1x Long NIO Daily ETF,NIOL
0001689873,S000076344,GraniteShares 2x Long NVDA Daily ETF,NVDL
0001689873,S000076345,GraniteShares 2x Long PLTR Daily ETF,PTIR
0001689873,S000076347,GraniteShares 1.25x Long TSLA Daily ETF,TSL
0001689873,S000076349,GraniteShares 1.25x Long TWTR Daily ETF,TWTL
0001689873,S000076350,GraniteShares 2x Long AMD Daily ETF,AMDL
0001689873,S000076351,GraniteShares 2x Long UBER Daily ETF,UBRL
0001689873,S000076352,GraniteShares 2x Long BABA Daily ETF,BABX
0001689873,S000076353,GraniteShares 2x Long GOOGL Daily ETF,GOOL
0001689873,S000076354,GraniteShares 2x Long AMZN Daily ETF,AMZZ
0001689873,S000076355,GraniteShares 2x Long AAPL Daily ETF,AAPB
0001689873,S000076356,GraniteShares 2x Long COIN Daily ETF,CONL
0001689873,S000076357,GraniteShares 2x Long DIS Daily ETF,DISL
0001689873,S000076358,GraniteShares 2x Long F Daily ETF,FRDL
0001689873,S000081136,GraniteShares 2x Short AMD Daily ETF,AMSS
0001689873,S000081138,GraniteShares 2x Short COIN Daily ETF,CONI
0001689873,S000081139,GraniteShares 2x Short JPM Daily ETF,JPMS
0001689873,S000081140,GraniteShares 2x Short LCID Daily ETF,LCDD
0001689873,S000081141,GraniteShares 2x Short META Daily ETF,FBIS
0001689873,S000081142,GraniteShares 2x Short NVDA Daily ETF,NVD
0001689873,S000081143,GraniteShares 2x Short RIVN Daily ETF,RVND
0001689873,S000081144,GraniteShares 2x Short TSLA Daily ETF,TSDD
0001689873,S000081145,GraniteShares 2x Short XOM Daily ETF,XOMD
0001689873,S000081146,GraniteShares 2x Long TSLA Daily ETF,TSLR
0001689873,S000081148,GraniteShares 2x Short AAPL Daily ETF,APSD
0001689873,S000081158,GraniteShares 2x Long AAL Daily ETF,AALL
0001689873,S000081162,GraniteShares 2x Long JPM Daily ETF,JPML
0001689873,S000081163,GraniteShares 2x Long LCID Daily ETF,LCDL
0001689873,S000081164,GraniteShares 2x Long RIVN Daily ETF,RVNL
0001689873,S000081166,GraniteShares 2x Long XOM Daily ETF,XOML
0001689873,S000081167,GraniteShares 2x Short AAL Daily ETF,ALSD
0001689873,S000088287,GraniteShares 2x Long INTC Daily ETF,INTW
0001689873,S000088289,GraniteShares 2x Long MU Daily ETF,MULL
0001689873,S000088293,GraniteShares 2x Long QCOM Daily ETF,QCML
0001689873,S000088294,GraniteShares 2x Long SMCI Daily ETF,SMCL
0001689873,S000088295,GraniteShares 2x Long TSM Daily ETF,TSMU
0001689873,S000088300,GraniteShares 2x Short CRWD Daily ETF,CRWL
0001689873,S000088301,GraniteShares 2x Short DELL Daily ETF,DLLL
0001689873,S000090805,GraniteShares 2x Long MSTR Daily ETF,MSTP
0001689873,S000090909,GraniteShares 2x Long VRT Daily ETF,VRTL
0001689873,S000090910,GraniteShares 2x Short MSTR Daily ETF,MSDD
0001689873,S000090911,GraniteShares 2x Long IONQ Daily ETF,IONL
0001689873,S000090912,GraniteShares 2x Long MARA Daily ETF,MRAL
0001689873,S000090913,GraniteShares 2x Long MRVL Daily ETF,MVLL
0001689873,S000090916,GraniteShares 2x Long RDDT Daily ETF,RDTL
0001924868,S000076804,Carbon Collective Climate Solutions U.S. Equity ETF,CCSO
0001924868,S000077649,YieldMax AAPL Option Income Strategy ETF,APLY
0001924868,S000077650,YieldMax TSLA Option Income Strategy ETF,TSLY
0001924868,S000077651,YieldMax AMZN Option Income Strategy ETF,AMZY
0001924868,S000077652,YieldMax BRK.B Option Income Strategy ETF,BRKC
0001924868,S000077653,YieldMax COIN Option Income Strategy ETF,CONY
0001924868,S000077654,YieldMax GOOGL Option Income Strategy ETF,GOOY
0001924868,S000077655,YieldMax META Option Income Strategy ETF,FBY
0001924868,S000077656,YieldMax NFLX Option Income Strategy ETF,NFLY
0001924868,S000077657,YieldMax NVDA Option Income Strategy ETF,NVDY
0001924868,S000077658,YieldMax XYZ Option Income Strategy ETF,XYZY
0001924868,S000077664,YieldMax Innovation Option Income Strategy ETF,OARK
0001924868,S000077665,YieldMax Gold Miners Option Income Strategy ETF,GDXY
0001924868,S000077666,YieldMax KWEB Option Income Strategy ETF,KWBY
0001924868,S000077667,YieldMax TLT Option Income Strategy ETF,YTLT
0001924868,S000077668,YieldMax XBI Option Income Strategy ETF,XBIY
0001924868,S000077894,The Meet Kevin Pricing Power ETF,PP
0001924868,S000077895,The Meet Kevin Moderate ETF,MKI
0001924868,S000077896,The Meet Kevin Select ETF,MKS
0001924868,S000078265,Nicholas Fixed Income Alternative ETF,FIAX
0001924868,S000079027,Rex Daily Target 1.5X MSTR ETF,MSRU
0001924868,S000079304,Pinnacle Focused Opportunities ETF,FCUS
0001924868,S000079334,Veridien Climate Action ETF,CLIA
0001924868,S000079702,Return Stacked(R) Bonds & Managed Futures ETF,RSBT
0001924868,S000079922,DGA Core Plus Absolute Return ETF,HF
0001924868,S000080342,CNIC ICE U.S. Carbon Neutral Power Futures Index ETF,AMPD
0001924868,S000080348,Roundhill Generative AI & Technology ETF,CHAT
0001924868,S000080730,Blueprint Chesapeake Multi-Asset Trend ETF,TFPN
0001924868,S000081241,Cboe(R) Validus S&P 500(R) Dynamic PutWrite Index ETF,PUTD
0001924868,S000081338,Grizzle Growth ETF,DARP
0001924868,S000081455,YieldMax XOM Option Income Strategy ETF,XOMO
0001924868,S000081456,YieldMax AMD Option Income Strategy ETF,AMDY
0001924868,S000081458,YieldMax DIS Option Income Strategy ETF,DISO
0001924868,S000081459,YieldMax JPM Option Income Strategy ETF,JPMO
0001924868,S000081460,YieldMax MRNA Option Income Strategy ETF,MRNY
0001924868,S000081461,YieldMax MSFT Option Income Strategy ETF,MSFO
0001924868,S000081463,YieldMax PYPL Option Income Strategy ETF,PYPY
0001924868,S000081585,CoreValues Alpha Greater China Growth ETF,CGRO
0001924868,S000081659,Defiance Nasdaq 100 Enhanced Options & 0DTE Income ETF,QQQY
0001924868,S000081660,Defiance R2000 Enhanced Options & 0DTE Income ETF,IWMY
0001924868,S000081661,Defiance S&P 500 Enhanced Options & 0DTE Income ETF,WDTE
0001924868,S000081720,Return Stacked(R) U.S. Stocks & Managed Futures ETF,RSST
0001924868,S000082232,YieldMax ADBE Option Income Strategy ETF,ADBY
0001924868,S000082233,YieldMax TGT Option Income Strategy ETF,TGTY
0001924868,S000082234,YieldMax ZM Option Income Strategy ETF,ZMY
0001924868,S000082235,YieldMax AI Option Income Strategy ETF,AIYY
0001924868,S000082236,YieldMax BA Option Income Strategy ETF,BAYY
0001924868,S000082237,YieldMax BIIB Option Income Strategy ETF,BIYY
0001924868,S000082238,YieldMax INTC Option Income Strategy ETF,INYY
0001924868,S000082239,YieldMax NKE Option Income Strategy ETF,NKEY
0001924868,S000082240,YieldMax ORCL Option Income Strategy ETF,ORCY
0001924868,S000082241,YieldMax ROKU Option Income Strategy ETF,ROKY
0001924868,S000082242,YieldMax SNOW Option Income Strategy ETF,SNOY
0001924868,S000083082,Hilton Small-MidCap Opportunity ETF,SMCO
0001924868,S000083695,YieldMaxTM Magnificent 7 Fund of Option Income ETFs,YMAG
0001924868,S000083696,YieldMaxTM Universe Fund of Option Income ETFs,YMAX
0001924868,S000083963,iREIT(R) - MarketVector Quality REIT Index ETF,IRET
0001924868,S000084078,YieldMax Ultra Option Income Strategy ETF,ULTY
0001924868,S000084087,YieldMaxTM MSTR Option Income Strategy ETF,MSTY
0001924868,S000084091,Carbon Collective Short Duration Green Bond ETF,CCSB
0001924868,S000084176,Defiance Nasdaq 100 Income Target ETF,QQQT
0001924868,S000084177,Defiance R2000 Income Target ETF,IWMT
0001924868,S000084178,Defiance S&P 500 Income Target ETF,SPYT
0001924868,S000084228,YieldMaxTM Short AAPL Option Income Strategy ETF,ROTN
0001924868,S000084229,YieldMaxTM Short COIN Option Income Strategy ETF,FIAT
0001924868,S000084230,YieldMaxTM Short Innovation Option Income Strategy ETF,OARD
0001924868,S000084231,YieldMaxTM Short NVDA Option Income Strategy ETF,DIPS
0001924868,S000084232,YieldMaxTM Short TSLA Option Income Strategy ETF,CRSH
0001924868,S000084234,YieldMaxTM Short N100 Option Income Strategy ETF,YQQQ
0001924868,S000084434,Even Herd Long Short ETF,EHLS
0001924868,S000084559,Octane All-Cap Value Energy ETF,OCTA
0001924868,S000084565,Peerless Option Income Wheel ETF,WEEL
0001924868,S000084633,YieldMaxTM Bitcoin Option Income Strategy ETF,YBIT
0001924868,S000084638,Return Stacked(R) Bonds & Futures Yield ETF,RSBY
0001924868,S000084639,Return Stacked(R) U.S. Stocks & Futures Yield ETF,RSSY
0001924868,S000084817,Defiance Oil Enhanced Options Income ETF,USOY
0001924868,S000085026,Clockwise Core Equity & Innovation ETF,TIME
0001924868,S000085073,Cambria Chesapeake Pure Trend ETF,MFUT
0001924868,S000085119,Defiance Daily Target 2X Long Copper ETF,COPZ
0001924868,S000085120,Defiance Daily Target 2X Long RIOT ETF,RIOX
0001924868,S000085121,Defiance Daily Target 2X Long China Dragons ETF,DRAX
0001924868,S000085122,Defiance Daily Target 2X Long Solar ETF,TANX
0001924868,S000085123,Defiance Daily Target 2X Long Uranium ETF,URAX
0001924868,S000085136,Defiance Daily Target 2X Long LLY ETF,LLYX
0001924868,S000085137,Defiance Daily Target 2X Long MSTR ETF,MSTX
0001924868,S000085138,Defiance Daily Target 2X Long NVO ETF,NVOX
0001924868,S000085139,Defiance Daily Target 2X Long AVGO ETF,AVGX
0001924868,S000085140,Defiance Daily Target 2X Long SMCI ETF,SMCX
0001924868,S000085368,Defiance Daily Target 2X Short MSTR ETF,SMST
0001924868,S000085829,Nicholas Global Equity and Income ETF,GIAX
0001924868,S000086361,YieldMax(TM) MARA Option Income Strategy ETF,MARO
0001924868,S000087654,YieldMaxTM Ether Option Income Strategy ETF,OETH
0001924868,S000088623,YieldMax(TM) Target 12(TM) Big 50 Option Income ETF,BIGY
0001924868,S000088624,YieldMax(TM) Target 12(TM) Biotech & Pharma Option Income ETF,BIOY
0001924868,S000088625,YieldMax(TM) Target 12(TM) Energy Option Income ETF,ZAPY
0001924868,S000088626,YieldMax(TM) Target 12(TM) Real Estate Option Income ETF,RNTY
0001924868,S000088627,YieldMax(TM) Target 12(TM) Semiconductor Option Income ETF,SOXY
0001924868,S000088628,YieldMax(TM) Target 12(TM) Tech & Innovation Option Income ETF,QYQY
0001924868,S000089000,YieldMax(TM) AI & Tech Portfolio Option Income ETF,GPTY
0001924868,S000089001,YieldMax(TM) Biotech & Pharma Portfolio Option Income ETF,DRGY
0001924868,S000089002,YieldMax(TM) China Portfolio Option Income ETF,CHNY
0001924868,S000089003,YieldMax(TM) Crypto Industry & Tech Portfolio Option Income ETF,LFGY
0001924868,S000089004,YieldMax(TM) Semiconductor Portfolio Option Income ETF,CHPY
0001924868,S000089361,Return Stacked(R) Bonds & Merger Arbitrage ETF,RSBA
0001924868,S000089799,Defiance Daily Target 2X Long AMAT ETF,AMAX
0001924868,S000089800,Defiance Daily Target 2X Long DKNG ETF,DKNX
0001924868,S000089801,Defiance Daily Target 2X Long FSLR ETF,FSLX
0001924868,S000089802,Defiance Daily Target 2X Long GOLD ETF,GOLX
0001924868,S000089803,Defiance Daily Target 2X Long ORCL ETF,ORCX
0001924868,S000089804,Defiance Daily Target 2X Long SOFI ETF,SOFX
0001924868,S000089921,Defiance Hot Sauce Daily 2X Strategy ETF,HOT
0001924868,S000090039,YieldMax(TM) R2000 0DTE Covered Call Strategy ETF,RDTY
0001924868,S000090830,Defiance Leveraged Long + Income MSTR ETF,MST
0001924868,S000090831,Defiance Leveraged Long MSTR ETF,MSTM
0001924868,S000091049,Defiance Daily Target 2X Long CVNA ETF,CVNX
0001924868,S000091050,Defiance Daily Target 2X Long SOUN ETF,SOUX
0001924868,S000091051,Defiance Daily Target 2X Long VST ETF,VSTY
0001924868,S000091052,Defiance Daily Target 2X Long HIMS ETF,HIMZ
0001924868,S000091053,Defiance Daily Target 2X Long HOOD ETF,HOOX
0001924868,S000091054,Defiance Daily Target 2X Long IONQ ETF,IONX
0001924868,S000091055,Defiance Daily Target 2X Long JPM ETF,JPMX
0001924868,S000091056,Defiance Daily Target 2X Long MRVL ETF,MRVX
0001924868,S000091057,Defiance Daily Target 2X Long PENN ETF,PENX
0001924868,S000091058,Defiance Daily Target 2X Long RGTI ETF,RGTX
0001924868,S000091059,Defiance Daily Target 2X Long RKLB ETF,RKLX
0001924868,S000091503,Defiance Daily Target 2X Short SMCI ETF,SMCZ
0001924868,S000091670,Defiance Daily Target 2X Long DJT ETF,DJTZ
0001924868,S000091671,Defiance Daily Target 2X Long RDDT ETF,RDDX
0001924868,S000092044,Defiance Nasdaq 100 LightningSpread(TM) Income ETF,QLDY
0001924868,S000092045,Defiance Russell(R) 2000 LightningSpread(TM) Income ETF,IJRY
0001924868,S000092046,Defiance S&P 500 LightningSpread(TM) Income ETF,SSOY
0001174610,S000006821,ProShares Ultra S&P500,SSO
0001174610,S000006822,ProShares UltraShort MidCap400,MZZ
0001174610,S000006823,ProShares UltraShort Dow30,DXD
0001174610,S000006824,ProShares UltraShort QQQ,QID
0001174610,S000006825,ProShares Ultra MidCap400,MVV
0001174610,S000006826,ProShares Ultra Dow30,DDM
0001174610,S000006827,ProShares Ultra QQQ,QLD
0001174610,S000006828,ProShares Short S&P500,SH
0001174610,S000006829,ProShares Short MidCap400,MYY
0001174610,S000006830,ProShares Short Dow30,DOG
0001174610,S000006831,ProShares Short QQQ,PSQ
0001174610,S000006832,ProShares UltraShort S&P500,SDS
0001174610,S000014248,ProShares Ultra Russell2000,UWM
0001174610,S000014250,ProShares Ultra Consumer Staples,UGE
0001174610,S000014251,ProShares Ultra Consumer Discretionary,UCC
0001174610,S000014252,ProShares Ultra Financials,UYG
0001174610,S000014253,ProShares Ultra Health Care,RXL
0001174610,S000014254,ProShares Ultra Industrials,UXI
0001174610,S000014255,ProShares Ultra Energy,DIG
0001174610,S000014257,ProShares Ultra Real Estate,URE
0001174610,S000014258,ProShares Ultra Semiconductors,USD
0001174610,S000014259,ProShares Ultra SmallCap600,SAA
0001174610,S000014260,ProShares Ultra Technology,ROM
0001174610,S000014261,ProShares Ultra Communication Services,LTL
0001174610,S000014262,ProShares Ultra Utilities,UPW
0001174610,S000014263,ProShares Short Russell2000,RWM
0001174610,S000014264,ProShares Short SmallCap600,SBB
0001174610,S000014270,ProShares Ultra Russell1000 Value,UVG
0001174610,S000014272,ProShares Short Basic Materials,SBM
0001174610,S000014276,ProShares Short Financials,SEF
0001174610,S000014279,ProShares Short Oil & Gas,DDG
0001174610,S000014281,ProShares Ultra Russell1000 Growth,UKF
0001174610,S000014282,ProShares Short Real Estate,REK
0001174610,S000014287,ProShares UltraShort Russell2000,TWM
0001174610,S000014288,ProShares UltraShort SmallCap600,SDD
0001174610,S000014289,ProShares UltraShort Russell1000 Value,SJF
0001174610,S000014290,ProShares UltraShort Russell1000 Growth,SFK
0001174610,S000014291,ProShares UltraShort Russell MidCap Value,SJL
0001174610,S000014292,ProShares Ultra Russell MidCap Value,UVU
0001174610,S000014293,ProShares UltraShort Russell MidCap Growth,SDK
0001174610,S000014294,ProShares UltraShort Russell2000 Value,SJH
0001174610,S000014295,ProShares UltraShort Russell2000 Growth,SKK
0001174610,S000014296,ProShares UltraShort Materials,SMN
0001174610,S000014298,ProShares UltraShort Consumer Staples,SZK
0001174610,S000014299,ProShares UltraShort Consumer Discretionary,SCC
0001174610,S000014300,ProShares UltraShort Financials,SKF
0001174610,S000014301,ProShares UltraShort Health Care,RXD
0001174610,S000014302,ProShares UltraShort Industrials,SIJ
0001174610,S000014303,ProShares Ultra Russell MidCap Growth,UKW
0001174610,S000014304,ProShares UltraShort Energy,DUG
0001174610,S000014306,ProShares UltraShort Real Estate,SRS
0001174610,S000014307,ProShares UltraShort Semiconductors,SSG
0001174610,S000014308,ProShares UltraShort Technology,REW
0001174610,S000014309,ProShares UltraShort Telecommunications,TLL
0001174610,S000014310,ProShares UltraShort Utilities,SDP
0001174610,S000014311,ProShares Ultra Russell2000 Value,UVT
0001174610,S000014312,ProShares Ultra Russell2000 Growth,UKK
0001174610,S000014313,ProShares Ultra Materials,UYM
0001174610,S000018718,ProShares Ultra Nasdaq Biotechnology,BIB
0001174610,S000018719,ProShares Short FTSE China 50,YXI
0001174610,S000018720,ProShares Short 7-10 Year Treasury,TBX
0001174610,S000018721,ProShares Short 20+ Year Treasury,TBF
0001174610,S000018722,ProShares Short Investment Grade Corporate,IGS
0001174610,S000018723,ProShares Short High Yield,SJB
0001174610,S000018724,ProShares UltraShort Nasdaq Biotechnology,BIS
0001174610,S000018727,ProShares UltraShort MSCI Emerging Markets,EEV
0001174610,S000018728,ProShares UltraShort MSCI Japan,EWV
0001174610,S000018730,ProShares UltraShort MSCI EAFE,EFU
0001174610,S000018731,ProShares UltraShort FTSE China 50,FXP
0001174610,S000018732,ProShares UltraShort 7-10 Year Treasury,PST
0001174610,S000018733,ProShares UltraShort 20+ Year Treasury,TBT
0001174610,S000018740,ProShares Short MSCI Emerging Markets,EUM
0001174610,S000018742,ProShares Short MSCI EAFE,EFZ
0001174610,S000020962,ProShares Large Cap Core Plus,CSM
0001174610,S000022290,ProShares UltraShort MSCI Brazil Capped,BZQ
0001174610,S000022292,ProShares UltraShort FTSE Europe,EPV
0001174610,S000022294,ProShares UltraShort MSCI Mexico Capped IMI,SMK
0001174610,S000022295,ProShares UltraShort MSCI Pacific ex-Japan,JPX
0001174610,S000022299,ProShares Ultra FTSE China 50,XPP
0001174610,S000022300,ProShares Ultra Russell3000,UWC
0001174610,S000022302,ProShares Ultra MSCI EAFE,EFO
0001174610,S000022303,ProShares Ultra MSCI Emerging Markets,EET
0001174610,S000022304,ProShares Ultra MSCI Japan,EZJ
0001174610,S000022305,ProShares UltraShort Russell3000,TWQ
0001174610,S000024908,ProShares UltraPro QQQ,TQQQ
0001174610,S000024909,ProShares UltraPro Short QQQ,SQQQ
0001174610,S000024910,ProShares UltraPro Short Dow30,SDOW
0001174610,S000024911,ProShares UltraPro Short S&P500,SPXU
0001174610,S000024912,ProShares UltraPro Short MidCap400,SMDD
0001174610,S000024913,ProShares UltraPro Short Russell2000,SRTY
0001174610,S000024917,ProShares UltraPro Short 20+ Year Treasury,TTT
0001174610,S000024918,ProShares UltraPro Dow30,UDOW
0001174610,S000024919,ProShares UltraPro S&P500,UPRO
0001174610,S000024920,ProShares UltraPro MidCap400,UMDD
0001174610,S000024921,ProShares UltraPro Russell2000,URTY
0001174610,S000027192,ProShares Ultra 7-10 Year Treasury,UST
0001174610,S000027193,ProShares Ultra 20+ Year Treasury,UBT
0001174610,S000028919,ProShares Ultra MSCI Brazil Capped,UBR
0001174610,S000028920,ProShares Ultra MSCI Pacific ex-Japan,UXJ
0001174610,S000028921,ProShares Ultra FTSE Europe,UPV
0001174610,S000028922,ProShares Ultra MSCI Mexico Capped IMI,UMX
0001174610,S000028923,ProShares Ultra S&amp;P Regional Banking,KRU
0001174610,S000028924,ProShares Short S&amp;P Regional Banking,KRS
0001174610,S000029776,ProShares UltraShort 3-7 Year Treasury,TBZ
0001174610,S000029778,ProShares UltraShort TIPs,TPS
0001174610,S000030517,ProShares RAFI Long/Short,RALS
0001174610,S000031041,ProShares Hedge Replication ETF,HDG
0001174610,S000031625,ProShares Ultra Investment Grade Corporate,IGU
0001174610,S000031635,ProShares Ultra High Yield,UJB
0001174610,S000034701,ProShares German Sovereign/Sub-Sovereign ETF,GGOV
0001174610,S000035008,ProShares Inflation Expectiations ETF,RINF
0001174610,S000035009,ProShares UltraPro 10 Year TIPS/TSY Spread,UINF
0001174610,S000035010,ProShares Short 30 Year TIPS/TSY Spread,FINF
0001174610,S000035011,ProShares UltraPro Short 10 Year TIPS/TSY Spread,SINF
0001174610,S000036286,ProShares USD Covered Bond,COBO
0001174610,S000037029,ProShares UltraPro Financial Select Sector,FINU
0001174610,S000037031,ProShares UltraPro Short Financial Select Sector,FINZ
0001174610,S000037318,ProShares Merger ETF,MRGR
0001174610,S000037319,ProShares Global Listed Private Equity ETF,PEX
0001174610,S000039732,ProShares High Yield-Interest Rate Hedged,HYHG
0001174610,S000040181,ProShares DJ Brookfield Global Infrastructure ETF,TOLZ
0001174610,S000041847,ProShares CDS North American HY Credit ETF,TYTE
0001174610,S000041848,ProShares CDS Short North American HY Credit ETF,WYDE
0001174610,S000042349,ProShares S&P 500 Dividend Aristocrats ETF,NOBL
0001174610,S000042798,ProShares Investment Grade-Interest Rate Hedged,IGHG
0001174610,S000042878,ProShares Short Term USD Emerging Markets Bond ETF,EMSH
0001174610,S000044096,ProShares USD Emerging Markets Bond-Interest Rate Hedged,EMHG
0001174610,S000046245,ProShares Morningstar Alternatives Solution ETF,ALTS
0001174610,S000046273,ProShares MSCI EAFE Dividend Growers ETF,EFAD
0001174610,S000046274,ProShares MSCI Emerging Markets Dividend Growers ETF,EMDV
0001174610,S000046275,ProShares MSCI Europe Dividend Growers,EUDV
0001174610,S000047884,ProShares S&P MidCap 400 Dividend Aristocrats ETF,REGL
0001174610,S000047885,ProShares Russell 2000 Dividend Growers ETF,SMDV
0001174610,S000048099,ProShares UltraShort Junior Miners,GDJS
0001174610,S000048100,ProShares Ultra Junior Miners,GDJJ
0001174610,S000048126,ProShares UltraShort Gold Miners,GDXS
0001174610,S000048127,ProShares Ultra Gold Miners,GDXX
0001174610,S000049564,ProShares Hedged FTSE Europe ETF,HGEU
0001174610,S000049695,ProShares Hedged FTSE Japan ETF,HGJP
0001174610,S000049725,ProShares UltraShort Homebuilders &amp; Supplies,HBZ
0001174610,S000049727,ProShares UltraShort Oil & Gas Exploration & Production,SOP
0001174610,S000049728,ProShares UltraPro Short Nasdaq Biotechnology,ZBIO
0001174610,S000049731,ProShares Ultra Homebuilders & Supplies,HBU
0001174610,S000049732,ProShares Ultra Oil & Gas Exploration & Production,UOP
0001174610,S000049733,ProShares UltraPro Nasdaq Biotechnology,UBIO
0001174610,S000050775,ProShares S&P 500 Ex-Energy ETF,SPXE
0001174610,S000050776,ProShares S&P 500 Ex-Financials ETF,SPXN
0001174610,S000050777,ProShares S&P 500 Ex-Health Care ETF,SPXV
0001174610,S000050780,ProShares S&P 500 Ex-Technology ETF,SPXT
0001174610,S000051124,ProShares Managed Futures Strategy ETF,FUT
0001174610,S000053144,ProShares S&P 500 Bond ETF,SPXB
0001174610,S000054590,ProShares K-1 Free Crude Oil ETF,OILK
0001174610,S000057332,ProShares Equities for Rising Rates ETF,EQRR
0001174610,S000059653,ProShares Decline of the Retail Store ETF,EMTY
0001174610,S000059656,ProShares Long Online/Short Stores Retail ETF,CLIX
0001174610,S000062559,ProShares Pet Care ETF,PAWZ
0001174610,S000063144,ProShares Online Retail ETF,ONLN
0001174610,S000066433,ProShares Russell U.S. Dividend Growers ETF,TMDV
0001174610,S000066435,ProShares S&P Technology Dividend Aristocrats ETF,TDV
0001174610,S000069834,ProShares MSCI Transformational Changes ETF,ANEW
0001174610,S000070718,ProShares Ultra Nasdaq Cybersecurity,UCYB
0001174610,S000070720,ProShares Ultra Nasdaq Cloud Computing,SKYU
0001174610,S000071850,ProShares Nasdaq-100 Dorsey Wright Momentum ETF,QQQA
0001174610,S000073416,ProShares Smart Materials ETF,TINT
0001174610,S000073417,ProShares S&P Kensho Smart Factories ETF,MAKX
0001174610,S000073419,ProShares S&P Kensho Cleantech ETF,CTEX
0001174610,S000073420,ProShares On-Demand ETF,OND
0001174610,S000073421,ProShares Nanotechnology ETF,TINY
0001174610,S000073423,ProShares Big Data Refiners ETF,DAT
0001174610,S000073908,ProShares Bitcoin ETF,BITO
0001174610,S000074165,ProShares Ether ETF,EETH
0001174610,S000075459,ProShares Carbon Offsets Strategy ETF,OFFS
0001174610,S000075552,ProShares Metaverse ETF,VERS
0001174610,S000075630,ProShares Supply Chain Logistics ETF,SUPL
0001174610,S000076601,ProShares Short Bitcoin ETF,BITI
0001174610,S000078011,ProShares S&P Global Core Battery Metals ETF,ION
0001174610,S000081387,ProShares S&P 500 High Income ETF,ISPY
0001174610,S000082336,ProShares Short Ether ETF,SETH
0001174610,S000082352,ProShares Bitcoin & Ether Market Cap Weight ETF,BETH
0001174610,S000082365,ProShares Bitcoin & Ether Equal Weight ETF,BETE
0001174610,S000083818,ProShares Nasdaq-100 High Income ETF,IQQQ
0001174610,S000084462,ProShares UltraShort Bitcoin ETF,SBIT
0001174610,S000084463,ProShares UltraShort Ether ETF,ETHD
0001174610,S000084465,ProShares Ultra Ether ETF,ETHT
0001174610,S000084466,ProShares Ultra Bitcoin ETF,BITU
0001174610,S000087688,ProShares Russell 2000 High Income ETF,ITWO
0001174610,S000090186,ProShares UltraShort Top QQQ,QQDN
0001174610,S000090187,ProShares Ultra Top QQQ,QQUP
0001174610,S000091115,ProShares Bitcoin-Denominated Nasdaq-100 ETF,QB
0001928561,S000077055,Bitwise Web3 ETF,BWEB
0001928561,S000079705,Bitwise Trendwise Bitcoin and Treasuries Rotation Strategy ETF,BITC
0001928561,S000081198,Bitwise Trendwise Ethereum and Treasuries Rotation Strategy ETF,AETH
0001928561,S000082361,Bitwise Trendwise BTC/ETH and Treasuries Rotation Strategy ETF,BTOP
0001928561,S000091075,Bitwise COIN Option Income Strategy ETF,ICOI
0001928561,S000091076,Bitwise MARA Option Income Strategy ETF,IMRA
0001928561,S000091077,Bitwise MSTR Option Income Strategy ETF,IMST
0001928561,S000093139,Bitwise GME Option Income Strategy ETF,IGME
0001928561,S000093581,Bitwise Crypto Industry Innovators ETF,BITQ
0001976517,S000081834,Roundhill S&P Dividend Monarchs ETF,KNGS
0001976517,S000083807,Roundhill Bitcoin Covered Call Strategy ETF,YBTC
0001976517,S000083809,Roundhill S&P 500 0DTE Covered Call Strategy ETF,XDTE
0001976517,S000083811,Roundhill Innovation-100 0DTE Covered Call Strategy ETF,QDTE
0001976517,S000083953,Roundhill S&P 500 Target 10 Managed Distribution ETF,SPAY
0001976517,S000083954,Roundhill S&P 500 Target 20 Managed Distribution ETF,XPAY
0001976517,S000084165,Roundhill Daily 2X Long Magnificent Seven ETF,MAGX
0001976517,S000084166,Roundhill Daily Inverse Magnificent Seven ETF,MAGQ
0001976517,S000084168,Roundhill Uranium ETF,UX
0001976517,S000085000,Roundhill GLP-1 & Weight Loss ETF,OZEM
0001976517,S000086192,Roundhill China Dragons ETF,DRAG
0001976517,S000086582,Roundhill S&P 500 No Dividend Target ETF,XDIV
0001976517,S000086585,Roundhill Ether Covered Call Strategy ETF,YETH
0001976517,S000087669,Roundhill Russell 2000 0DTE Covered Call Strategy ETF,RDTE
0001976517,S000088750,Roundhill TSLA WeeklyPay ETF,TSLW
0001976517,S000088753,Roundhill AAPL WeeklyPay ETF,AAPW
0001976517,S000088754,Roundhill COIN WeeklyPay ETF,COIW
0001976517,S000088757,Roundhill PLTR WeeklyPay ETF,PLTW
0001976517,S000088758,Roundhill NVDA WeeklyPay ETF,NVDW
0001976517,S000089070,Roundhill Weekly T-Bill ETF,WEEK
0001976517,S000091693,Roundhill Magnificent Seven Covered Call ETF,MAGY
0001848758,S000075169,FIS Christian Stock Fund,PRAY
0001848758,S000077192,NEOS Enhanced Income Aggregate Bond ETF,BNDI
0001848758,S000077193,NEOS Enhanced Income 1-3 Month T-Bill ETF,CSHI
0001848758,S000077194,NEOS S&P 500(R) High Income ETF,SPYI
0001848758,S000077577,Kurv Apple (AAPL) 1.75x Long Daily ETF,LAAP
0001848758,S000077579,Kurv Goldman Sachs (GS) 1.5x Long Daily ETF,LGS
0001848758,S000077580,Kurv Goldman Sachs (GS) 1.5x Short Daily ETF,SGS
0001848758,S000077581,Kurv Google (GOOGL) 1.75x Long Daily ETF,UGOO
0001848758,S000077582,Kurv Google (GOOGL) 1.75x Short Daily ETF,DGOO
0001848758,S000077588,Kurv Apple (AAPL) 1.75x Short Daily ETF,ZAAP
0001848758,S000077590,Kurv Bank of America (BAC) 1.5x Long Daily ETF,UBAC
0001848758,S000077591,Kurv Bank of America (BAC) 1.5x Short Daily ETF,DBAC
0001848758,S000077592,Kurv Dow (DOW) 1.75x Long Daily ETF,LDOW
0001848758,S000077593,Kurv Dow (DOW) 1.75x Short Daily ETF,DDOW
0001848758,S000077594,Kurv ExxonMobil (XOM) 1.5x Long Daily ETF,LXOM
0001848758,S000077595,Kurv ExxonMobil (XOM) 1.5x Short Daily ETF,SXOM
0001848758,S000081251,NEOS Bitcoin High Income ETF,BTCI
0001848758,S000082790,Mast Global Battery Recycling & Production ETF,EV
0001848758,S000083903,NEOS Nasdaq-100(R) High Income ETF,QQQI
0001848758,S000084049,NEOS Nasdaq-100(R) Hedged Equity Income ETF,QQQH
0001848758,S000084068,NEOS Enhanced Income Credit Select ETF,HYGY
0001848758,S000085554,NEOS Russell 2000 High Income ETF,IWMI
0001848758,S000088938,NEOS Enhanced Income 20+ Year Treasury Bond ETF,TLTI
0001848758,S000089464,NEOS Real Estate High Income ETF,IYRI
0001848758,S000091457,NEOS S&P 500(R) Hedged Equity Income ETF,SPYH
0001848758,S000092389,NEOS Gold High Income ETF,IAUI
0001884021,S000079790,Volatility Premium Plus ETF,ZVOL
0001884021,S000080610,2x Bitcoin Strategy ETF,BITX
0001884021,S000082325,2x Ether ETF,ETHU
0001884021,S000089074,2x Wheat ETF,WHTX
0001884021,S000089076,2x Corn ETF,CORX
0001884021,S000090387,One+One Nasdaq-100(R) and Bitcoin ETF,OOQB
0001884021,S000090391,One+One S&P 500 and Bitcoin ETF,OOSB
0001884021,S000091118,2x Solana ETF,SOLT
0001884021,S000091119,Solana ETF,SOLZ
0001884021,S000092516,XRP ETF,XRPI
0001771146,S000066215,American Conservative Values ETF,ACVF
0001771146,S000066216,American Conservative Values Small-Cap ETF,ACVS
0001771146,S000069974,Real Asset Strategies ETF,RASF
0001771146,S000071248,Formidable ETF,FORH
0001771146,S000071249,Formidable Dividend and Income ETF,FODI
0001771146,S000071250,Formidable Fortress ETF,KONG
0001771146,S000071288,Applied Finance Valuation Large Cap ETF,VSLU
0001771146,S000073725,Alpha Dog ETF,RUFF
0001771146,S000074002,Kingsbarn Tactical Bond ETF,KDRN
0001771146,S000074411,UBC Algorithmic Fundamentals ETF,UBCB
0001771146,S000074455,WealthTrust DBS Long Term Growth ETF,WLTG
0001771146,S000074803,Cultivar ETF,CVAR
0001771146,S000076504,Kingsbarn Dividend Opportunity ETF,DVDN
0001771146,S000078331,UBC Algorithmic Income ETF,UBCI
0001771146,S000080897,T-REX 2X INVERSE NVIDIA DAILY TARGET ETF,NVDQ
0001771146,S000080898,T-REX 2X INVERSE TESLA DAILY TARGET ETF,TSLZ
0001771146,S000080899,T-REX 2X LONG NVIDIA DAILY TARGET ETF,NVDX
0001771146,S000080900,T-REX 2X LONG TESLA DAILY TARGET ETF,TSLT
0001771146,S000081285,LAFFER|TENGLER Equity Income ETF,TGLR
0001771146,S000081571,REX FANG & Innovation Equity Premium Income ETF,FEPI
0001771146,S000081814,TUTTLE CAPITAL DAILY 2X INVERSE REGIONAL BANKS ETF,SKRE
0001771146,S000082334,Brendan Wood TopGun ETF,BWTG
0001771146,S000082339,Tuttle Capital Daily 2X Inverse AI ETF,XXAI
0001771146,S000082340,Tuttle Capital Daily 2X Long AI ETF,AIXX
0001771146,S000082864,IDX DYNAMIC FIXED INCOME ETF,DYFI
0001771146,S000082865,IDX DYNAMIC INNOVATION ETF,DYNI
0001771146,S000083675,T-REX 2X LONG ALPHABET DAILY TARGET ETF,GOOX
0001771146,S000083676,T-REX 2X LONG APPLE DAILY TARGET ETF,AAPX
0001771146,S000083677,T-REX 2X LONG MICROSOFT DAILY TARGET ETF,MSFX
0001771146,S000083890,TappAlpha Innovation 100 Growth & Daily Income ETF,TDAQ
0001771146,S000083891,TappAlpha SPY Growth & Daily Income ETF,TSPY
0001771146,S000085093,REX AI EQUITY PREMIUM INCOME ETF,AIPI
0001771146,S000085584,Tuttle Capital Shareholders First Index ETF,ESGX
0001771146,S000085612,SMI 3Fourteen Full-Cycle Trend ETF,FCTE
0001771146,S000087447,T-REX 2X INVERSE MARA DAILY TARGET ETF,MARD
0001771146,S000087448,T-REX 2X INVERSE NFLX DAILY TARGET ETF,NFLD
0001771146,S000087449,T-REX 2X INVERSE PANW DAILY TARGET ETF,PAND
0001771146,S000087450,T-REX 2X INVERSE PLTR DAILY TARGET ETF,PLTD
0001771146,S000087452,T-REX 2X INVERSE SHOP DAILY TARGET ETF,SHOD
0001771146,S000087454,T-REX 2X INVERSE SNOW DAILY TARGET ETF,SNOD
0001771146,S000087455,T-REX 2X INVERSE SQ DAILY TARGET ETF,SQD
0001771146,S000087458,T-REX 2X INVERSE TSM DAILY TARGET ETF,TSMD
0001771146,S000087460,T-REX 2X LONG CRCL DAILY TARGET ETF,AIU
0001771146,S000087462,T-REX 2X LONG AMD DAILY TARGET ETF,AMDU
0001771146,S000087463,T-REX 2X LONG ARM DAILY TARGET ETF,ARMU
0001771146,S000087464,T-REX 2X LONG AVGO DAILY TARGET ETF,AVGU
0001771146,S000087465,T-REX 2X LONG BA DAILY TARGET ETF,BAU
0001771146,S000087466,T-REX 2X LONG COIN DAILY TARGET ETF,COIU
0001771146,S000087467,T-REX 2X INVERSE AMD DAILY TARGET ETF,AMDD
0001771146,S000087468,T-REX 2X LONG DJT DAILY TARGET ETF,DJTU
0001771146,S000087469,T-REX 2X LONG GME DAILY TARGET ETF,GMEU
0001771146,S000087470,T-REX 2X LONG HOOD DAILY TARGET ETF,ROBN
0001771146,S000087471,T-REX 2X LONG MARA DAILY TARGET ETF,MARU
0001771146,S000087472,T-REX 2X LONG NFLX DAILY TARGET ETF,NFLU
0001771146,S000087473,T-REX 2X LONG PANW DAILY TARGET ETF,PANU
0001771146,S000087474,T-REX 2X LONG PLTR DAILY TARGET ETF,PLTU
0001771146,S000087475,T-REX 2X LONG RBLX DAILY TARGET ETF,RBLU
0001771146,S000087476,T-REX 2X LONG SHOP DAILY TARGET ETF,SHOU
0001771146,S000087477,T-REX 2X LONG SMCI DAILY TARGET ETF,SMCU
0001771146,S000087479,T-REX 2X LONG SNOW DAILY TARGET ETF,SNOU
0001771146,S000087480,T-REX 2X LONG SQ DAILY TARGET ETF,SQU
0001771146,S000087482,T-REX 2X LONG TSM DAILY TARGET ETF,TSMU
0001771146,S000087484,T-REX 2X INVERSE AVGO DAILY TARGET ETF,AVGD
0001771146,S000087485,T-REX 2X INVERSE BA DAILY TARGET ETF,BAD
0001771146,S000087486,T-REX 2X INVERSE COIN DAILY TARGET ETF,COID
0001771146,S000087771,T-REX 2X INVERSE MSTR DAILY TARGET ETF,MSTZ
0001771146,S000087772,T-REX 2X LONG MSTR DAILY TARGET ETF,MSTU
0001771146,S000090491,Tuttle Capital COIN Put Write ETF,COPW
0001771146,S000090492,Tuttle Capital MSTR Put Write ETF,MSPW
0001771146,S000090493,Tuttle Capital NVDA Put Write ETF,NVPW
0001771146,S000090494,Tuttle Capital QQQ Put Write ETF,QQPW
0001771146,S000090495,Tuttle Capital TSLA Put Write ETF,TSPW
0001771146,S000090496,SMI 3Fourteen Real Asset Allocation ETF,RAA
0001771146,S000091611,REX-OSPREY(TM) ETH + STAKING ETF&nbsp;,ESK
0001771146,S000091612,REX-OSPREY(TM) SOL + STAKING ETF,SSK
0001771146,S000092394,Hedgeye Capital Allocation ETF,HECA
0001771146,S000092395,Hedgeye Quality Growth ETF,HGRO
0001771146,S000092515,Tuttle Capital No Bleed Tail Risk ETF,OHNO
0001771146,S000092684,OTG Latin America ETF,OTGL
0001396092,S000084347,T-REX 2X INVERSE BITCOIN DAILY TARGET ETF,BTCZ
0001396092,S000084348,T-REX 2X LONG BITCOIN DAILY TARGET ETF,BTCL
0001396092,S000086576,T-Rex 2X Inverse Ether Daily Target ETF,ETQ
0001396092,S000086577,T-Rex 2X Long Ether Daily Target ETF,ETU